datetime_utc,rain_mm_per_hr
2026-09-26 09:00,2.79
2026-09-26 10:00,0.76
2026-09-26 11:00,0.16
2026-09-26 12:00,0.10
2026-09-26 13:00,0.16
2026-09-26 14:00,0.07
2026-09-26 15:00,0.09
2026-09-26 16:00,0.07
2026-09-26 17:00,0.23
2026-09-26 18:00,1.08
2026-09-26 19:00,4.48
2026-09-26 20:00,0.72
2026-09-26 21:00,0.13
2026-09-26 22:00,0.01
2026-09-26 23:00,0.24
2026-09-27 00:00,0.29
2026-09-27 01:00,2.44
2026-09-27 02:00,0.49
2026-09-27 03:00,0.15
2026-09-27 04:00,0.07
2026-09-27 05:00,2.29
2026-09-27 06:00,4.51
2026-09-27 07:00,2.03
2026-09-27 08:00,1.37
2026-09-27 09:00,0.33
2026-09-27 10:00,0.15
2026-09-27 11:00,0.10
2026-09-27 12:00,0.03
2026-09-27 13:00,0.13
2026-09-27 14:00,0.05
2026-09-27 15:00,0.23
2026-09-27 16:00,0.33
2026-09-27 17:00,0.15
2026-09-27 18:00,0.07
2026-09-27 19:00,0.11
2026-09-27 20:00,0.14
2026-09-27 21:00,1.04
2026-09-27 22:00,1.29
2026-09-27 23:00,0.41
2026-09-28 00:00,1.25
2026-09-28 01:00,0.77
2026-09-28 02:00,0.94
2026-09-28 03:00,1.29
2026-09-28 04:00,0.56
2026-09-28 05:00,1.76
2026-09-28 06:00,2.24
2026-09-28 07:00,0.61
2026-09-28 08:00,0.39
2026-09-28 09:00,0.05
2026-09-28 10:00,0.08
2026-09-28 11:00,0.00
2026-09-28 12:00,0.00
2026-09-28 13:00,0.00
2026-09-28 14:00,0.00
2026-09-28 15:00,0.00
2026-09-28 16:00,0.00
2026-09-28 17:00,0.00
2026-09-28 18:00,0.00
2026-09-28 19:00,0.00
2026-09-28 20:00,0.00
2026-09-28 21:00,0.00
2026-09-28 22:00,0.00
2026-09-28 23:00,0.00
2026-09-29 00:00,0.00
2026-09-29 01:00,0.00
2026-09-29 02:00,0.00
2026-09-29 03:00,0.00
2026-09-29 04:00,0.05
2026-09-29 05:00,0.04
2026-09-29 06:00,0.02
2026-09-29 07:00,0.00
2026-09-29 08:00,0.15
2026-09-29 09:00,0.15
2026-09-29 10:00,0.06
2026-09-29 11:00,0.42
2026-09-29 12:00,0.05
2026-09-29 13:00,0.03
2026-09-29 14:00,0.00
2026-09-29 15:00,0.00
2026-09-29 16:00,0.00
2026-09-29 17:00,0.00
2026-09-29 18:00,0.00
2026-09-29 19:00,0.00
2026-09-29 20:00,0.00
2026-09-29 21:00,0.00
2026-09-29 22:00,0.00
2026-09-29 23:00,0.00
2026-09-30 00:00,0.00
2026-09-30 01:00,0.00
2026-09-30 02:00,0.00
2026-09-30 03:00,0.05
2026-09-30 04:00,0.14
2026-09-30 05:00,0.14
2026-09-30 06:00,0.15
2026-09-30 07:00,0.13
2026-09-30 08:00,0.00
2026-09-30 09:00,0.02
2026-09-30 10:00,0.08
2026-09-30 11:00,0.13
2026-09-30 12:00,0.00
2026-09-30 13:00,0.58
2026-09-30 14:00,0.36
2026-09-30 15:00,0.21
2026-09-30 16:00,0.07
2026-09-30 17:00,0.00
2026-09-30 18:00,0.00
2026-09-30 19:00,0.00
2026-09-30 20:00,0.00
2026-09-30 21:00,0.00
2026-09-30 22:00,0.00
2026-09-30 23:00,0.00
2026-10-01 00:00,0.00
2026-10-01 01:00,0.00
2026-10-01 02:00,0.00
2026-10-01 03:00,0.02
2026-10-01 04:00,0.02
2026-10-01 05:00,0.14
2026-10-01 06:00,0.10
2026-10-01 07:00,0.10
2026-10-01 08:00,0.07
2026-10-01 09:00,0.00
