datetime_utc,stage_msl_m
2026-09-26 09:00,22.26
2026-09-26 10:00,22.26
2026-09-26 11:00,22.26
2026-09-26 12:00,22.26
2026-09-26 13:00,22.26
2026-09-26 14:00,22.26
2026-09-26 15:00,22.26
2026-09-26 16:00,22.26
2026-09-26 17:00,22.26
2026-09-26 18:00,22.26
2026-09-26 19:00,22.26
2026-09-26 20:00,22.26
2026-09-26 21:00,22.26
2026-09-26 22:00,22.26
2026-09-26 23:00,22.26
2026-09-27 00:00,22.26
2026-09-27 01:00,22.26
2026-09-27 02:00,22.26
2026-09-27 03:00,22.26
2026-09-27 04:00,22.26
2026-09-27 05:00,22.26
2026-09-27 06:00,22.26
2026-09-27 07:00,22.26
2026-09-27 08:00,22.26
2026-09-27 09:00,22.26
2026-09-27 10:00,22.26
2026-09-27 11:00,22.26
2026-09-27 12:00,22.26
2026-09-27 13:00,22.26
2026-09-27 14:00,22.26
2026-09-27 15:00,22.26
2026-09-27 16:00,22.26
2026-09-27 17:00,22.26
2026-09-27 18:00,22.26
2026-09-27 19:00,22.26
2026-09-27 20:00,22.26
2026-09-27 21:00,22.26
2026-09-27 22:00,22.26
2026-09-27 23:00,22.26
2026-09-28 00:00,22.26
2026-09-28 01:00,22.26
2026-09-28 02:00,22.26
2026-09-28 03:00,22.26
2026-09-28 04:00,22.26
2026-09-28 05:00,22.26
2026-09-28 06:00,22.26
2026-09-28 07:00,22.26
2026-09-28 08:00,22.26
2026-09-28 09:00,22.32
2026-09-28 10:00,22.37
2026-09-28 11:00,22.46
2026-09-28 12:00,22.49
2026-09-28 13:00,22.42
2026-09-28 14:00,22.32
2026-09-28 15:00,22.24
2026-09-28 16:00,22.26
2026-09-28 17:00,22.37
2026-09-28 18:00,22.38
2026-09-28 19:00,22.38
2026-09-28 20:00,22.35
2026-09-28 21:00,22.26
2026-09-28 22:00,22.26
2026-09-28 23:00,22.22
2026-09-29 00:00,22.28
2026-09-29 01:00,22.26
2026-09-29 02:00,22.19
2026-09-29 03:00,22.15
2026-09-29 04:00,22.10
2026-09-29 05:00,22.11
2026-09-29 06:00,22.12
2026-09-29 07:00,22.05
2026-09-29 08:00,21.98
2026-09-29 09:00,21.93
2026-09-29 10:00,21.88
2026-09-29 11:00,21.86
2026-09-29 12:00,21.83
2026-09-29 13:00,21.85
2026-09-29 14:00,21.82
2026-09-29 15:00,21.78
2026-09-29 16:00,21.76
2026-09-29 17:00,21.76
2026-09-29 18:00,21.76
2026-09-29 19:00,21.75
2026-09-29 20:00,21.72
2026-09-29 21:00,21.70
2026-09-29 22:00,21.66
2026-09-29 23:00,21.65
2026-09-30 00:00,21.67
2026-09-30 01:00,21.71
2026-09-30 02:00,21.68
2026-09-30 03:00,21.65
2026-09-30 04:00,21.64
2026-09-30 05:00,21.64
2026-09-30 06:00,21.66
2026-09-30 07:00,21.68
2026-09-30 08:00,21.67
2026-09-30 09:00,21.67
2026-09-30 10:00,21.68
2026-09-30 11:00,21.68
2026-09-30 12:00,21.75
2026-09-30 13:00,21.77
2026-09-30 14:00,21.78
2026-09-30 15:00,21.81
2026-09-30 16:00,21.80
2026-09-30 17:00,21.81
2026-09-30 18:00,21.83
2026-09-30 19:00,21.82
2026-09-30 20:00,21.82
2026-09-30 21:00,21.81
2026-09-30 22:00,21.78
2026-09-30 23:00,21.76
2026-10-01 00:00,21.75
2026-10-01 01:00,21.72
2026-10-01 02:00,21.69
2026-10-01 03:00,21.67
2026-10-01 04:00,21.64
2026-10-01 05:00,21.59
2026-10-01 06:00,21.54
2026-10-01 07:00,21.49
2026-10-01 08:00,21.45
2026-10-01 09:00,21.43
